video_id,title,category,channel_tier,upload_day,upload_hour,duration_seconds,views,likes,comments,shares,watch_time_minutes,avg_view_duration_seconds,click_through_rate,channel_age_years,subscribers,tags_count,hashtags
vid_0000,I tried EVERY transformers tool — the WINNER shocked me,Music,Mid,Sunday,0,721,228102,9979,2810,1193,1091087,287,0.01,1.3,441016,18.0,"[""ai"", ""tutorial"", ""trending""]"
vid_0001,What nobody tells you about AI image tools,Gaming,Small,Saturday,21,1894,25078,962,283,183,423818,1014,0.023,0.8,25339,17.0,"[""tutorial""]"
vid_0002,What nobody tells you about machine learning pipelines,Gaming,Large,Monday,18,1413,1323949,6619,25177,16119,12952634,587,0.1022,4.8,2398429,,"[""explained""]"
vid_0003,Is Claude worth it in 2025?,Gaming,Mid,Thursday,14,1335,187752,4936,2051,1797,2018334,645,0.0413,3.9,498144,13.0,"[""gaming"", ""trending"", ""explained"", ""tech""]"
vid_0004,URGENT: voice cloning AI is about to CHANGE FOREVER,Music,Small,Monday,4,3158,12583,777,98,30,262565,1252,0.01,1.3,30039,10.0,"[""explained"", ""shorts""]"
vid_0005,I tested GPT-4 for 30 days — here's what happened,News,Large,Tuesday,22,2455,1352960,47395,12123,14371,20970880,930,0.0859,1.9,6172888,13.0,"[""tech"", ""viral""]"
vid_0006,transformers is DEAD and here's WHY,Education,Mid,Saturday,14,2402,61094,3079,1199,223,613994,603,0.0553,0.9,148150,11.0,"[""datascience"", ""chatgpt"", ""explained"", ""tech"", ""llm""]"
vid_0007,Why Llama 3 DESTROYED my workflow (and how I fixed it),News,Mid,Saturday,19,2614,81434,1965,1239,1111,647400,477,0.0826,0.8,144351,10.0,"[""tutorial"", ""news"", ""ai"", ""llm""]"
vid_0008,STOP using Claude WRONG (most people do this),Gaming,Small,Saturday,6,3147,10716,713,103,129,218249,1222,0.0619,0.4,37464,,"[""trending"", ""tutorial""]"
vid_0009,A beginner's guide to machine learning pipelines,News,Mid,Sunday,22,271,272793,11686,2886,2498,522853,115,0.0665,2.6,286740,13.0,"[""review"", ""tutorial"", ""trending"", ""llm"", ""news""]"
vid_0010,The future of neural networks,Vlog,Small,Saturday,7,1302,5304,261,13,45,30498,345,0.0641,1.1,15533,15.0,"[""ai"", ""shorts"", ""review"", ""explained"", ""howto""]"
vid_0011,Getting started with voice cloning AI,News,Large,Saturday,8,254,1915305,153007,27447,13720,3351783,105,0.0724,2.1,4420088,,"[""ai""]"
vid_0012,A beginner's guide to Python for AI,Music,Mid,Monday,21,1867,265175,17964,382,2841,3517988,796,0.1119,3.0,424689,12.0,"[""ai"", ""shorts"", ""music""]"
vid_0013,The future of AI regulation,News,Large,Wednesday,22,1800,3443505,139122,56854,22440,16643607,290,0.0793,3.1,7689362,,"[""explained""]"
vid_0014,The complete guide to local LLMs,Gaming,Small,Friday,9,4633,27686,999,353,247,663079,1437,0.0155,0.8,15025,11.0,"[""ai"", ""viral""]"
vid_0015,A beginner's guide to data science careers,Education,Small,Sunday,16,5265,27775,1114,731,319,1142478,2468,0.0662,1.3,37368,6.0,"[""python"", ""ai""]"
vid_0016,What nobody tells you about AI in education,Gaming,Mid,Monday,20,2170,75409,3970,407,433,1271898,1012,0.0835,0.2,92926,0.0,"[""review""]"
vid_0017,The complete guide to RAG systems,Comedy,Small,Friday,21,1152,43068,1870,490,238,232567,324,0.0851,1.9,24431,1.0,"[""review"", ""viral"", ""explained""]"
vid_0018,A beginner's guide to Sora,News,Large,Saturday,14,2797,1226086,47904,27942,3951,25073458,1227,0.0443,4.9,5437825,,"[""tech"", ""llm"", ""news"", ""ai"", ""explained""]"
vid_0019,This is the BEST Llama 3 tutorial you will EVER watch,Music,Mid,Monday,18,1124,387556,25969,7421,1450,3933693,609,0.0841,0.2,135066,18.0,"[""shorts"", ""trending"", ""ai"", ""review""]"
vid_0020,neural networks is DEAD and here's WHY,Vlog,Mid,Thursday,20,1805,177390,7678,1387,177,2737719,926,0.0782,6.4,152976,,"[""howto"", ""tech""]"
vid_0021,Getting started with neural networks,Gaming,Small,Sunday,20,4391,10067,800,134,109,301003,1794,0.1193,8.0,19669,8.0,"[""viral"", ""tech"", ""gaming"", ""trending""]"
vid_0022,This AI search SECRET will CHANGE EVERYTHING,News,Large,Saturday,20,1094,618117,28656,7424,9417,4100176,398,0.0362,2.9,7763623,1.0,"[""trending"", ""ai"", ""news"", ""tech""]"
vid_0023,This is the BEST data science careers tutorial you will EVER watch,Gaming,Large,Wednesday,18,3733,1830676,131405,25065,25082,39206977,1285,0.0423,6.4,5172297,13.0,"[""tutorial"", ""explained"", ""gaming""]"
vid_0024,LEAKED: the real story behind Gemini,Education,Mid,Sunday,4,3326,43083,2169,336,64,1136673,1583,0.0473,2.2,565172,1.0,"[""review""]"
vid_0025,The TRUTH about Python for AI they DON'T want you to know,News,Small,Thursday,22,765,24282,1443,278,264,137193,339,0.0427,1.2,33152,,"[""review"", ""explained"", ""llm""]"
vid_0026,Getting started with data science careers,Vlog,Mid,Sunday,21,4343,706654,24118,1704,9672,25345323,2152,0.0327,0.2,323038,16.0,"[""ai"", ""review""]"
vid_0027,Getting started with GitHub Copilot,Music,Small,Wednesday,21,3390,5920,190,75,36,145730,1477,0.01,0.2,32466,,"[""ai""]"
vid_0028,The TRUTH about AI coding tools they DON'T want you to know,Gaming,Small,Friday,4,1981,10186,528,149,85,174180,1026,0.0441,6.4,5624,5.0,"[""ai""]"
vid_0029,WARNING: fine-tuning LLMs is NOT what you think,Music,Mid,Thursday,8,910,67166,4018,714,67,438817,392,0.0642,9.7,136754,3.0,"[""tutorial""]"
vid_0030,I tried EVERY local LLMs tool — the WINNER shocked me,Gaming,Mid,Wednesday,20,834,101613,4633,234,921,724839,428,0.0427,2.8,511302,5.0,"[""viral"", ""trending""]"
vid_0031,STOP using Claude WRONG (most people do this),Vlog,Large,Sunday,0,1114,3484081,89555,62473,13050,33911721,584,0.1034,7.8,6577719,15.0,"[""review""]"
vid_0032,My thoughts on Cursor AI after 6 months,News,Small,Tuesday,23,2946,7757,190,110,68,123077,952,0.0553,3.6,13142,4.0,"[""chatgpt"", ""news""]"
vid_0033,What nobody tells you about Midjourney,Gaming,Small,Monday,14,765,32174,759,245,56,83116,155,0.0873,5.9,23576,17.0,"[""review"", ""trending""]"
vid_0034,A beginner's guide to AI search,Gaming,Mid,Thursday,20,2680,114225,2111,1178,1161,3085978,1621,0.0615,3.3,395128,,"[""gaming""]"
vid_0035,I built a machine learning pipelines project — here's what I learned,Gaming,Small,Saturday,22,591,31141,1452,93,376,138058,266,0.0757,3.2,35370,0.0,"[""ai"", ""review"", ""gaming"", ""viral"", ""tutorial""]"
vid_0036,What nobody tells you about Midjourney,Vlog,Small,Saturday,14,1504,10810,668,63,52,58013,322,0.062,1.5,26108,4.0,"[""tech"", ""tutorial"", ""explained"", ""ai"", ""howto""]"
vid_0037,Getting started with Claude,Comedy,Mid,Sunday,12,1995,283512,12700,2487,978,3151708,667,0.0892,3.3,294537,15.0,"[""viral""]"
vid_0038,Why AI search is more important than you think,News,Small,Wednesday,19,14400,7831,86,151,7,963343,7381,0.0564,1.1,18096,12.0,"[""ai"", ""tutorial"", ""trending""]"
vid_0039,My thoughts on deep learning frameworks after 6 months,Music,Mid,Thursday,18,523,161469,6804,1318,1119,543612,202,0.0674,0.2,301458,7.0,"[""tech"", ""music"", ""shorts"", ""explained""]"
vid_0040,machine learning pipelines explained in 10 minutes,Music,Small,Tuesday,14,6800,7293,310,115,41,296338,2438,0.0642,2.7,27817,13.0,"[""trending"", ""shorts""]"
vid_0041,Understanding Gemini from scratch,Gaming,Large,Friday,18,2069,1075829,82236,9435,1932,21803467,1216,0.0478,0.3,7072434,12.0,"[""trending"", ""explained"", ""tech"", ""gaming""]"
vid_0042,This ChatGPT SECRET will CHANGE EVERYTHING,Vlog,Mid,Sunday,22,2617,356656,8254,4810,3499,4577085,770,0.0651,2.0,316026,11.0,"[""tech"", ""review"", ""tutorial"", ""shorts""]"
vid_0043,How ChatGPT actually works,Education,Small,Saturday,16,2011,16823,658,187,104,182809,652,0.1109,0.2,13674,10.0,"[""ai"", ""machinelearning"", ""python"", ""chatgpt"", ""deeplearning""]"
vid_0044,Gemini explained in 10 minutes,Music,Large,Friday,8,2697,2411644,170232,41572,8915,48273074,1201,0.0482,3.3,2656636,2.0,"[""music"", ""shorts""]"
vid_0045,I tried EVERY AI in education tool — the WINNER shocked me,Music,Large,Thursday,14,1574,5129651,265457,45095,29658,62752730,734,0.0655,1.3,6222099,5.0,"[""tech"", ""explained""]"
vid_0046,This Gemini SECRET will CHANGE EVERYTHING,Music,Small,Sunday,14,6691,31882,1704,81,391,1704624,3208,0.0864,0.5,33579,,"[""tutorial"", ""music""]"
vid_0047,STOP using Stable Diffusion WRONG (most people do this),Vlog,Small,Friday,5,1198,5926,276,21,61,62618,634,0.0835,1.9,8684,2.0,"[""tech"", ""review""]"
vid_0048,Getting started with GPT-4,Gaming,Mid,Tuesday,7,5009,161730,8078,1424,1209,5992096,2223,0.0553,1.8,114610,9.0,"[""gaming"", ""explained"", ""review""]"
vid_0049,The future of vector databases,Comedy,Small,Thursday,19,1012,6800,385,30,71,54853,484,0.01,5.2,25805,2.0,"[""tutorial"", ""explained""]"
vid_0050,LEAKED: the real story behind AI image tools,Education,Small,Monday,13,1712,8150,267,117,27,90329,665,0.0679,8.8,10116,15.0,"[""explained"", ""chatgpt"", ""datascience"", ""tech""]"
vid_0051,I tested Sora for 30 days — here's what happened,Comedy,Small,Tuesday,22,688,6931,403,63,56,33961,294,0.01,4.9,33863,2.0,"[""viral"", ""shorts""]"
vid_0052,The honest truth about Stable Diffusion,Gaming,Mid,Monday,10,2723,438582,10703,11511,3767,8610826,1178,0.0917,0.4,241374,1.0,"[""gaming"", ""review"", ""viral"", ""trending"", ""ai""]"
vid_0053,The complete guide to fine-tuning LLMs,Gaming,Mid,Thursday,4,6638,160525,8014,252,982,7916557,2959,0.0592,0.9,154813,12.0,"[""tutorial"", ""gaming"", ""viral"", ""ai""]"
vid_0054,The honest truth about vector databases,Education,Mid,Friday,20,1686,141110,6728,1865,1374,2031984,864,0.08,15.0,558904,4.0,"[""review"", ""deeplearning"", ""machinelearning"", ""tutorial"", ""llm""]"
vid_0055,I tested Sora for 30 days — here's what happened,Education,Mid,Thursday,21,1514,436530,15608,2284,2129,5354768,736,0.0324,1.8,166076,7.0,"[""llm"", ""ai""]"
vid_0056,YOU WON'T BELIEVE what AI coding tools just did,Comedy,Mid,Thursday,11,663,21136,943,191,212,98986,281,0.0162,1.8,228054,6.0,"[""tutorial"", ""ai"", ""review"", ""tech""]"
vid_0057,The future of Stable Diffusion,Music,Mid,Sunday,8,1470,29944,1067,384,305,236557,474,0.0615,5.9,159878,,"[""shorts"", ""tech""]"
vid_0058,Getting started with vector databases,Music,Small,Saturday,7,431,18901,546,18,18,57963,184,0.0542,5.7,9042,15.0,"[""trending"", ""shorts""]"
vid_0059,Cursor AI is DEAD and here's WHY,Education,Small,Friday,18,795,11755,466,157,150,64848,331,0.0427,0.5,5740,13.0,"[""datascience"", ""deeplearning""]"
vid_0060,The future of Claude,Education,Mid,Wednesday,16,2217,146620,4169,3433,146,2399680,982,0.0571,3.2,108805,,"[""machinelearning""]"
vid_0061,The ONLY GPT-4 guide you'll EVER need,Education,Mid,Sunday,11,5926,51910,2587,481,287,3510846,4058,0.1242,0.4,170813,13.0,"[""llm"", ""review"", ""tutorial""]"
vid_0062,Midjourney explained in 10 minutes,Music,Mid,Wednesday,1,14400,117790,3268,1597,1425,10094603,5142,0.0759,6.4,107758,14.0,"[""shorts"", ""tech"", ""explained"", ""tutorial""]"
vid_0063,What nobody tells you about AI search,Education,Mid,Wednesday,16,1066,596034,33186,10817,4011,4976883,501,0.0812,0.3,387394,,"[""machinelearning"", ""explained"", ""llm"", ""chatgpt""]"
vid_0064,What nobody tells you about Python for AI,Gaming,Mid,Sunday,22,6579,406046,11076,4473,867,24403364,3606,0.0761,2.7,433971,11.0,"[""ai"", ""tech""]"
vid_0065,STOP using neural networks WRONG (most people do this),Education,Mid,Friday,19,2251,192429,7024,1638,697,3114142,971,0.092,7.3,284687,18.0,"[""tech"", ""machinelearning""]"
vid_0066,WARNING: AI video generation is NOT what you think,Comedy,Mid,Saturday,17,1577,105571,3761,105,1278,1942506,1104,0.0502,2.0,245355,9.0,"[""comedy"", ""review"", ""explained""]"
vid_0067,Understanding AI coding tools from scratch,Education,Small,Friday,4,2668,5834,378,92,5,97136,999,0.01,4.4,22658,7.0,"[""llm"", ""explained"", ""tutorial"", ""deeplearning""]"
vid_0068,How RAG systems actually works,Music,Small,Saturday,10,1911,1820,90,20,22,26572,876,0.0503,3.1,35625,10.0,"[""shorts"", ""tech""]"
vid_0069,Why GitHub Copilot DESTROYED my workflow (and how I fixed it),Comedy,Small,Wednesday,12,1996,9831,411,58,76,105847,646,0.0753,7.0,34789,16.0,"[""shorts""]"
vid_0070,LEAKED: the real story behind ChatGPT,News,Small,Wednesday,20,1252,22027,1155,281,71,173646,473,0.0308,10.7,6521,14.0,"[""tutorial""]"
vid_0071,Understanding machine learning pipelines from scratch,Music,Small,Wednesday,21,513,3175,42,26,17,12170,230,0.0506,4.4,11352,1.0,"[""explained"", ""trending""]"
vid_0072,I tested Sora for 30 days — here's what happened,Music,Large,Tuesday,22,450,1237141,54870,10923,4863,4824849,234,0.0377,9.1,2657214,9.0,"[""shorts"", ""ai"", ""trending"", ""review"", ""explained""]"
vid_0073,What nobody tells you about RAG systems,Education,Small,Sunday,23,3254,3961,296,61,45,98430,1491,0.0926,1.5,13728,14.0,"[""machinelearning"", ""explained""]"
vid_0074,YOU WON'T BELIEVE what local LLMs just did,News,Small,Wednesday,23,1409,3695,173,14,40,49513,804,0.0737,2.8,24993,4.0,"[""tech"", ""llm""]"
vid_0075,The honest truth about Gemini,Comedy,Small,Friday,22,1057,11689,537,213,13,83965,431,0.0713,2.1,19569,19.0,"[""ai"", ""tech"", ""review"", ""explained""]"
vid_0076,YOU WON'T BELIEVE what AI search just did,Comedy,Small,Saturday,3,1821,1887,100,6,12,21763,692,0.0705,9.4,6723,,"[""shorts"", ""review"", ""comedy""]"
vid_0077,I tested AI image tools for 30 days — here's what happened,Music,Mid,Saturday,5,3697,245194,14327,1967,1114,11246231,2752,0.0541,6.0,274279,16.0,"[""explained"", ""trending"", ""tech"", ""review""]"
vid_0078,Midjourney explained in 10 minutes,Education,Mid,Thursday,12,2126,219329,3298,5162,2889,3629894,993,0.0599,1.3,352351,,"[""llm""]"
vid_0079,A beginner's guide to neural networks,Comedy,Mid,Friday,18,1001,137425,2716,2578,357,762708,333,0.0254,1.6,132869,11.0,"[""shorts"", ""review"", ""tutorial"", ""explained"", ""comedy""]"
vid_0080,The honest truth about prompt engineering,News,Mid,Sunday,4,5451,20616,992,259,297,630506,1835,0.01,11.0,513398,10.0,"[""news"", ""tech"", ""tutorial""]"
vid_0081,WARNING: data science careers is NOT what you think,Vlog,Small,Saturday,21,7489,6308,216,40,49,241596,2298,0.0588,1.0,6818,12.0,"[""review"", ""shorts"", ""vlog""]"
vid_0082,AI video generation explained in 10 minutes,Vlog,Large,Saturday,19,2821,7038551,455256,62110,23595,176081084,1501,0.0631,1.8,7473893,17.0,"[""explained"", ""tech""]"
vid_0083,AI video generation explained in 10 minutes,Comedy,Small,Sunday,18,4342,1516,61,18,8,41260,1633,0.0852,1.6,8468,7.0,"[""explained"", ""viral"", ""tutorial"", ""shorts"", ""ai""]"
vid_0084,This AI image tools SECRET will CHANGE EVERYTHING,Comedy,Small,Saturday,7,5529,7572,121,92,36,303637,2406,0.0943,0.2,34525,10.0,"[""shorts"", ""tech"", ""comedy"", ""review"", ""explained""]"
vid_0085,YOU WON'T BELIEVE what Cursor AI just did,News,Small,Tuesday,10,4999,3112,80,35,9,106897,2061,0.0942,3.1,36592,13.0,"[""trending"", ""news"", ""tech""]"
vid_0086,Getting started with Cursor AI,Education,Mid,Friday,6,3142,228411,1142,2698,1913,6071925,1595,0.03,1.9,589376,15.0,"[""explained"", ""ai"", ""python"", ""tech"", ""tutorial""]"
vid_0087,This is the BEST neural networks tutorial you will EVER watch,News,Mid,Tuesday,21,3098,97892,4061,1048,302,1608691,986,0.0462,0.5,497053,15.0,"[""tutorial""]"
vid_0088,A beginner's guide to AI video generation,Comedy,Small,Saturday,18,2886,19340,815,64,19,270437,839,0.067,0.2,32281,6.0,"[""comedy"", ""tutorial"", ""ai"", ""shorts"", ""tech""]"
vid_0089,Is Python for AI worth it in 2025?,Gaming,Mid,Sunday,20,673,330126,12753,2938,2139,1650630,300,0.1183,1.9,414091,19.0,"[""tech"", ""gaming"", ""review"", ""ai""]"
vid_0090,I built a local LLMs project — here's what I learned,Gaming,Small,Friday,12,3397,34758,2126,607,34,968010,1671,0.092,6.0,32264,0.0,"[""tech"", ""gaming"", ""tutorial"", ""trending"", ""ai""]"
vid_0091,Understanding data science careers from scratch,News,Mid,Thursday,13,533,102016,6424,386,509,416565,245,0.083,5.4,149967,9.0,"[""ai"", ""trending"", ""llm""]"
vid_0092,Exploring AI agents: a deep dive,Gaming,Small,Monday,14,884,10807,458,117,47,51333,285,0.0453,1.0,23762,12.0,"[""viral"", ""explained"", ""trending""]"
vid_0093,What nobody tells you about Sora,Education,Small,Sunday,20,5844,4267,55,30,19,208300,2929,0.0329,1.3,22997,1.0,"[""python"", ""tutorial"", ""review""]"
vid_0094,How open-source AI actually works,Education,Small,Tuesday,20,3851,29027,1574,367,464,615856,1273,0.0747,2.3,35015,9.0,"[""review""]"
vid_0095,WARNING: Midjourney is NOT what you think,Gaming,Mid,Monday,8,6895,65306,3482,631,537,2681899,2464,0.0275,0.3,320655,11.0,"[""explained"", ""viral"", ""trending"", ""tech""]"
vid_0096,Getting started with Stable Diffusion,Education,Small,Wednesday,22,1415,7151,354,149,64,51725,434,0.049,3.6,18478,,"[""explained"", ""tutorial"", ""ai""]"
vid_0097,How AI regulation actually works,News,Small,Monday,5,640,7858,469,118,7,48195,368,0.0521,1.0,27384,2.0,"[""llm"", ""chatgpt"", ""trending"", ""review"", ""news""]"
vid_0098,My thoughts on AI search after 6 months,Gaming,Small,Thursday,22,1456,3207,88,13,17,38590,722,0.0948,7.5,14326,5.0,"[""viral""]"
vid_0099,I tested AI video generation for 30 days — here's what happened,News,Large,Friday,4,1981,1801250,135330,28869,15961,29270312,975,0.0461,3.7,1978378,4.0,"[""news"", ""review""]"
vid_0100,The TRUTH about Claude they DON'T want you to know,Vlog,Large,Wednesday,11,1941,3252546,99555,23913,12691,59901055,1105,0.01,1.3,4345140,12.0,"[""viral"", ""explained"", ""tutorial""]"
vid_0101,AI search is DEAD and here's WHY,Education,Mid,Monday,21,5015,212365,11943,1813,2470,13442704,3798,0.0676,5.8,296782,,"[""python""]"
vid_0102,The ONLY Midjourney guide you'll EVER need,Gaming,Small,Tuesday,7,1306,2244,44,31,7,10472,280,0.0375,8.0,13139,11.0,"[""gaming"", ""tutorial"", ""trending"", ""viral"", ""tech""]"
vid_0103,URGENT: AI agents is about to CHANGE FOREVER,Music,Large,Thursday,14,2482,1358549,42177,12294,9312,18612121,822,0.0561,2.7,3572582,14.0,"[""viral"", ""shorts"", ""tech"", ""music""]"
vid_0104,Why prompt engineering DESTROYED my workflow (and how I fixed it),Gaming,Mid,Monday,15,742,217264,14718,3771,1228,926993,256,0.0528,1.1,270524,15.0,"[""review"", ""gaming""]"
vid_0105,LEAKED: the real story behind Claude,Education,Mid,Saturday,10,2711,33389,1371,245,289,479132,861,0.0482,11.6,250297,3.0,"[""tutorial"", ""chatgpt"", ""deeplearning""]"
vid_0106,What nobody tells you about Gemini,Vlog,Small,Tuesday,20,1813,4740,273,39,25,41633,527,0.0748,7.1,18281,18.0,"[""ai"", ""review""]"
vid_0107,Why AI image tools DESTROYED my workflow (and how I fixed it),Vlog,Small,Wednesday,21,920,22581,1096,182,156,132851,353,0.0167,8.5,29001,3.0,"[""tutorial"", ""tech"", ""howto"", ""review""]"
vid_0108,The honest truth about GPT-4,News,Small,Thursday,21,1462,13901,603,119,98,92673,400,0.0421,3.9,15390,0.0,"[""news""]"
vid_0109,The honest truth about AI image tools,Education,Large,Thursday,13,1531,2085570,136516,38781,10558,24470688,704,0.0721,3.7,7642005,0.0,"[""chatgpt""]"
vid_0110,YOU WON'T BELIEVE what Midjourney just did,Music,Mid,Monday,18,1417,743642,30824,11729,7392,7473602,603,0.0396,4.2,556500,4.0,"[""explained"", ""ai"", ""music""]"
vid_0111,The TRUTH about machine learning pipelines they DON'T want you to know,News,Small,Tuesday,10,8903,11638,212,259,104,824940,4253,0.0148,0.6,21831,17.0,"[""tech"", ""chatgpt"", ""explained""]"
vid_0112,What nobody tells you about Midjourney,Education,Small,Sunday,10,1654,16926,557,433,129,224269,795,0.0717,3.3,16492,4.0,"[""machinelearning"", ""review"", ""llm""]"
vid_0113,local LLMs is DEAD and here's WHY,Music,Mid,Monday,6,1451,1049519,55905,6103,6589,12489276,714,0.0831,0.7,358426,13.0,"[""music"", ""shorts""]"
vid_0114,WARNING: vector databases is NOT what you think,Gaming,Small,Friday,22,273,9439,480,117,105,16046,102,0.0539,1.0,34699,8.0,"[""trending"", ""gaming"", ""ai"", ""tutorial""]"
vid_0115,STOP using AI video generation WRONG (most people do this),Education,Large,Friday,22,808,1109191,23841,5482,7827,10075151,545,0.01,1.4,5568111,0.0,"[""deeplearning"", ""machinelearning"", ""tech"", ""ai""]"
vid_0116,URGENT: vector databases is about to CHANGE FOREVER,Comedy,Mid,Thursday,20,1426,236559,8074,1735,1602,2519353,639,0.0726,5.1,498283,8.0,"[""ai"", ""tech"", ""review""]"
vid_0117,local LLMs explained in 10 minutes,Gaming,Mid,Thursday,18,975,238687,8658,1961,2009,759820,191,0.0135,2.5,357015,0.0,"[""explained""]"
vid_0118,I tested AI coding tools for 30 days — here's what happened,Gaming,Small,Saturday,17,6270,6561,259,37,97,205468,1879,0.0627,2.5,27152,9.0,"[""viral"", ""review"", ""tutorial"", ""ai"", ""explained""]"
vid_0119,STOP using Llama 3 WRONG (most people do this),News,Mid,Sunday,18,1558,91944,2239,523,242,502627,328,0.0328,3.8,229840,11.0,"[""tech"", ""review"", ""tutorial"", ""llm""]"
vid_0120,YOU WON'T BELIEVE what prompt engineering just did,Vlog,Mid,Wednesday,18,5765,1066182,37928,11871,11812,43233680,2433,0.026,2.5,462144,10.0,"[""shorts"", ""explained"", ""tech""]"
vid_0121,The future of open-source AI,Comedy,Mid,Wednesday,15,1911,155861,5310,732,155,2010606,774,0.044,4.4,185250,,"[""tutorial""]"
vid_0122,The complete guide to Python for AI,News,Small,Wednesday,5,1869,4453,251,75,39,50393,679,0.0504,0.3,29317,15.0,"[""chatgpt"", ""trending"", ""tutorial"", ""news""]"
vid_0123,The TRUTH about Claude they DON'T want you to know,Vlog,Small,Friday,5,1669,16646,951,108,238,306008,1103,0.0389,1.8,35125,,"[""howto"", ""tech""]"
vid_0124,LEAKED: the real story behind RAG systems,Gaming,Small,Saturday,22,1814,12829,549,370,127,188372,881,0.0697,2.6,9623,5.0,"[""trending"", ""viral""]"
vid_0125,I tried EVERY GitHub Copilot tool — the WINNER shocked me,Comedy,Mid,Wednesday,16,8492,98021,3834,910,851,7034640,4306,0.0438,0.4,399477,,"[""shorts"", ""tutorial"", ""ai"", ""explained""]"
vid_0126,WARNING: AI search is NOT what you think,Education,Small,Thursday,22,224,17561,827,218,101,20195,69,0.0795,2.2,8328,2.0,"[""datascience"", ""tech"", ""machinelearning"", ""chatgpt""]"
vid_0127,My thoughts on data science careers after 6 months,Gaming,Small,Sunday,7,298,3557,116,15,28,5276,89,0.062,2.2,30400,18.0,"[""review"", ""gaming"", ""explained"", ""ai""]"
vid_0128,Getting started with Llama 3,News,Small,Monday,18,1108,14850,412,330,103,116325,470,0.0376,4.3,7957,15.0,"[""tech"", ""ai"", ""trending""]"
vid_0129,How local LLMs actually works,Comedy,Mid,Friday,8,1831,554382,17128,10376,2692,7456437,807,0.0334,1.4,566688,5.0,"[""tutorial"", ""explained"", ""shorts"", ""ai""]"
vid_0130,STOP using fine-tuning LLMs WRONG (most people do this),Comedy,Small,Saturday,10,3364,14520,515,200,99,160446,663,0.0138,3.8,9809,13.0,"[""comedy""]"
vid_0131,I tested deep learning frameworks for 30 days — here's what happened,Gaming,Large,Tuesday,1,2767,1110150,30582,4350,9762,20389755,1102,0.0623,4.8,7712161,13.0,"[""ai""]"
vid_0132,The ONLY RAG systems guide you'll EVER need,Gaming,Mid,Monday,5,1279,79982,3793,1060,394,718504,539,0.0461,4.1,496459,12.0,"[""viral"", ""trending"", ""review"", ""explained""]"
vid_0133,The honest truth about GitHub Copilot,Vlog,Small,Tuesday,22,4523,8065,451,42,38,239530,1782,0.01,1.1,25778,1.0,"[""explained"", ""howto"", ""review"", ""tutorial"", ""vlog""]"
vid_0134,I tried EVERY Python for AI tool — the WINNER shocked me,Gaming,Mid,Sunday,12,4569,122420,2594,2543,313,3005411,1473,0.0416,4.6,486964,17.0,"[""tutorial"", ""trending""]"
vid_0135,Exploring Stable Diffusion: a deep dive,Education,Small,Monday,19,2133,8278,375,139,79,104440,757,0.0325,4.2,32829,19.0,"[""deeplearning""]"
vid_0136,The complete guide to RAG systems,Education,Large,Tuesday,15,4300,3122126,130195,39253,31787,89188732,1714,0.0944,1.4,7622189,19.0,"[""tutorial""]"
vid_0137,AI search explained in 10 minutes,Comedy,Mid,Monday,14,2310,29991,1503,29,267,497350,995,0.0124,0.9,211759,19.0,"[""review"", ""explained""]"
vid_0138,The ONLY AI coding tools guide you'll EVER need,Music,Mid,Tuesday,18,1090,334810,15001,2042,3971,2990969,536,0.019,1.3,386839,,"[""tech"", ""trending""]"
vid_0139,This is the BEST AI search tutorial you will EVER watch,Comedy,Small,Friday,8,3388,5904,136,95,49,183220,1862,0.0827,0.6,8326,14.0,"[""explained"", ""review"", ""shorts"", ""ai""]"
vid_0140,The ONLY GPT-4 guide you'll EVER need,Gaming,Mid,Wednesday,23,1997,162235,4228,3127,1552,2076608,768,0.0889,2.9,400406,1.0,"[""ai"", ""trending"", ""explained""]"
vid_0141,Understanding data science careers from scratch,Education,Mid,Friday,21,1810,68195,3098,1272,628,751281,661,0.0364,2.6,169071,9.0,"[""ai"", ""tech"", ""python""]"
vid_0142,The complete guide to Python for AI,News,Large,Friday,20,6806,6079012,367365,14880,46406,325733726,3215,0.0392,2.1,4954654,4.0,"[""ai"", ""review""]"
vid_0143,Exploring local LLMs: a deep dive,Music,Mid,Sunday,16,199,406320,4789,5611,2387,663656,98,0.0704,1.2,377663,,"[""explained"", ""shorts"", ""tech"", ""ai"", ""review""]"
vid_0144,I tried EVERY AI video generation tool — the WINNER shocked me,Music,Mid,Monday,6,504,258569,12976,4678,4358,797254,185,0.01,0.4,322312,16.0,"[""music"", ""trending""]"
vid_0145,Understanding RAG systems from scratch,Music,Small,Sunday,22,621,4167,261,8,25,22154,319,0.01,8.0,23292,16.0,"[""shorts"", ""explained"", ""review"", ""ai"", ""music""]"
vid_0146,How GitHub Copilot actually works,News,Small,Friday,13,1303,15529,663,185,82,181171,700,0.048,3.0,31737,,"[""tech"", ""llm"", ""news"", ""review""]"
vid_0147,A beginner's guide to Sora,Gaming,Mid,Tuesday,2,1437,165898,8834,2263,1615,2283862,826,0.0937,5.3,495607,,"[""trending"", ""viral"", ""review"", ""tutorial"", ""ai""]"
vid_0148,The TRUTH about Stable Diffusion they DON'T want you to know,Education,Small,Saturday,13,465,2768,95,28,24,13563,294,0.0441,6.3,22225,2.0,"[""review"", ""ai"", ""chatgpt"", ""tech""]"
vid_0149,Understanding AI image tools from scratch,Comedy,Small,Sunday,21,744,13730,593,13,32,53775,235,0.0575,5.3,25985,4.0,"[""tech"", ""viral"", ""comedy"", ""shorts"", ""ai""]"
vid_0150,Getting started with open-source AI,Education,Large,Wednesday,19,833,2811069,58150,28239,35112,16444753,351,0.0833,1.9,7518653,17.0,"[""datascience"", ""viral"", ""tutorial"", ""python""]"
vid_0151,URGENT: local LLMs is about to CHANGE FOREVER,News,Large,Sunday,20,14400,4095714,40280,41105,31222,414144947,6067,0.1077,3.5,1838135,9.0,"[""explained"", ""tech"", ""tutorial""]"
vid_0152,Why local LLMs DESTROYED my workflow (and how I fixed it),Comedy,Small,Thursday,21,9150,12906,763,143,45,803398,3735,0.0406,0.2,9098,10.0,"[""tutorial"", ""review""]"
vid_0153,LEAKED: the real story behind machine learning pipelines,News,Mid,Friday,9,1248,151483,4578,1305,1932,1075529,426,0.0546,6.0,125608,9.0,"[""llm"", ""ai"", ""tutorial"", ""tech"", ""review""]"
vid_0154,What nobody tells you about AI in education,Vlog,Small,Sunday,22,1303,45510,1736,425,477,238169,314,0.1006,8.3,28025,4.0,"[""tech"", ""review"", ""tutorial""]"
vid_0155,STOP using Cursor AI WRONG (most people do this),Comedy,Mid,Thursday,15,642,319999,7745,3763,941,1471995,276,0.0169,9.6,297676,16.0,"[""ai"", ""comedy"", ""tech""]"
vid_0156,A beginner's guide to AI regulation,Vlog,Small,Saturday,19,324,1412,33,20,21,2494,106,0.0807,1.0,32101,,"[""ai"", ""howto"", ""shorts"", ""review""]"
vid_0157,How Llama 3 actually works,Music,Mid,Wednesday,0,1627,93087,3946,947,989,1086015,700,0.0295,0.9,429040,13.0,"[""tutorial"", ""explained"", ""trending""]"
vid_0158,The TRUTH about AI agents they DON'T want you to know,Vlog,Mid,Saturday,23,736,131487,4477,1254,1046,521565,238,0.0576,2.4,253491,7.0,"[""shorts""]"
vid_0159,Why neural networks is more important than you think,Education,Mid,Friday,12,1675,29541,1496,370,424,237312,482,0.0489,3.6,547150,12.0,"[""ai"", ""llm"", ""python"", ""datascience""]"
vid_0160,I tested Python for AI for 30 days — here's what happened,Comedy,Small,Wednesday,2,428,8626,446,8,74,27459,191,0.031,3.2,31688,19.0,"[""shorts"", ""explained"", ""viral"", ""ai"", ""comedy""]"
vid_0161,This vector databases SECRET will CHANGE EVERYTHING,Comedy,Large,Thursday,15,910,4073372,202905,60539,32129,27020034,398,0.0304,7.0,2893744,12.0,"[""viral"", ""shorts"", ""tutorial""]"
vid_0162,Is open-source AI worth it in 2024?,Gaming,Small,Wednesday,5,2066,3354,162,40,17,56514,1011,0.0619,2.6,17746,9.0,"[""tutorial"", ""explained"", ""viral""]"
vid_0163,STOP using data science careers WRONG (most people do this),Education,Small,Monday,6,2513,10470,718,128,108,299093,1714,0.0799,2.5,16005,5.0,"[""tutorial"", ""datascience""]"
vid_0164,How prompt engineering actually works,Vlog,Mid,Monday,19,2632,80745,2340,1434,799,1605479,1193,0.0518,2.7,161958,10.0,"[""shorts"", ""explained"", ""vlog"", ""tutorial""]"
vid_0165,The complete guide to vector databases,Music,Small,Thursday,14,550,4673,206,4,37,20483,263,0.0568,2.0,10172,7.0,"[""tutorial""]"
vid_0166,A beginner's guide to GitHub Copilot,Gaming,Large,Monday,22,3901,6847285,424465,6847,33141,129299565,1133,0.0693,1.9,7552892,12.0,"[""trending"", ""review"", ""viral"", ""tech"", ""ai""]"
vid_0167,Why Sora is more important than you think,Education,Large,Tuesday,12,879,971823,62165,13258,8279,3773912,233,0.0307,1.4,4065328,0.0,"[""tutorial"", ""deeplearning"", ""chatgpt"", ""review""]"
vid_0168,I tested machine learning pipelines for 30 days — here's what happened,Gaming,Small,Saturday,20,3195,20263,479,242,156,657872,1948,0.0735,0.5,18416,3.0,"[""ai"", ""tutorial""]"
vid_0169,Exploring neural networks: a deep dive,Gaming,Large,Saturday,15,1790,419636,16917,5464,1118,3867645,553,0.0755,1.1,6107799,15.0,"[""review""]"
vid_0170,Exploring Stable Diffusion: a deep dive,Vlog,Small,Saturday,19,523,62110,4060,573,131,159415,154,0.1201,0.5,24354,,"[""vlog"", ""shorts"", ""ai""]"
vid_0171,AI in education explained in 10 minutes,Comedy,Mid,Wednesday,18,1360,272077,14317,4349,2791,2557523,564,0.0456,2.3,566792,8.0,"[""ai"", ""shorts"", ""tutorial"", ""review"", ""viral""]"
vid_0172,Understanding Stable Diffusion from scratch,Education,Small,Sunday,16,2511,8641,414,152,8,147905,1027,0.0435,12.8,32310,10.0,"[""chatgpt""]"
vid_0173,Why data science careers is more important than you think,Music,Large,Friday,22,3139,3328010,138893,49600,29358,54246563,978,0.0742,3.1,4355586,8.0,"[""music"", ""ai"", ""shorts""]"
vid_0174,Is neural networks worth it in 2025?,Gaming,Small,Tuesday,13,1592,2589,101,27,15,26321,610,0.0755,2.8,18172,15.0,"[""tutorial""]"
vid_0175,Understanding Python for AI from scratch,Education,Small,Tuesday,7,7176,20603,1016,20,272,1398256,4072,0.0416,2.9,39532,4.0,"[""ai"", ""explained"", ""datascience"", ""tech""]"
vid_0176,I built a vector databases project — here's what I learned,News,Small,Saturday,19,4477,10803,445,179,65,260532,1447,0.0449,0.9,30121,,"[""news"", ""tech"", ""ai"", ""explained"", ""trending""]"
vid_0177,Getting started with open-source AI,Music,Large,Tuesday,21,1435,1783685,79126,34479,18974,10761566,362,0.0685,2.3,7658362,4.0,"[""viral"", ""trending"", ""music""]"
vid_0178,I tested AI search for 30 days — here's what happened,Vlog,Large,Friday,1,3551,1012214,46743,16061,6490,31935351,1893,0.0343,0.8,1829350,7.0,"[""howto"", ""explained"", ""shorts""]"
vid_0179,Cursor AI explained in 10 minutes,Music,Mid,Sunday,15,10305,94265,3283,633,797,7754867,4936,0.0447,3.8,522277,11.0,"[""explained"", ""tutorial"", ""ai""]"
vid_0180,The honest truth about Midjourney,Comedy,Large,Monday,22,10555,3660771,193954,58728,40075,222513863,3647,0.0572,6.5,5459517,17.0,"[""ai"", ""comedy""]"
vid_0181,The complete guide to data science careers,News,Large,Monday,20,598,2577095,228623,44231,15848,5884366,137,0.0799,0.9,1853451,4.0,"[""llm"", ""trending""]"
vid_0182,Getting started with AI search,Vlog,Mid,Sunday,23,785,252657,4635,5394,3028,1090636,259,0.0399,9.6,385894,11.0,"[""vlog"", ""explained"", ""tutorial"", ""howto"", ""ai""]"
vid_0183,Understanding GPT-4 from scratch,News,Small,Friday,18,6880,11121,554,74,44,527135,2844,0.01,7.8,29013,1.0,"[""review"", ""llm"", ""tutorial"", ""chatgpt""]"
vid_0184,YOU WON'T BELIEVE what Cursor AI just did,Vlog,Mid,Tuesday,19,697,253287,8509,2695,2324,1646365,390,0.01,0.2,86397,1.0,"[""review"", ""howto"", ""explained""]"
vid_0185,A beginner's guide to machine learning pipelines,News,Mid,Sunday,12,549,107292,5757,1768,1254,289688,162,0.0235,1.6,316245,15.0,"[""explained"", ""tech"", ""review""]"
vid_0186,Why voice cloning AI is more important than you think,Vlog,Small,Sunday,22,1167,83332,3808,1028,886,663878,478,0.0222,0.8,33888,14.0,"[""review"", ""shorts"", ""ai"", ""explained"", ""tech""]"
vid_0187,GitHub Copilot explained in 10 minutes,Gaming,Small,Friday,13,2639,2282,128,12,35,50280,1322,0.0511,0.6,15337,7.0,"[""tutorial""]"
vid_0188,I tested GPT-4 for 30 days — here's what happened,News,Mid,Friday,20,1648,460684,28853,6674,2278,1696852,221,0.0253,6.2,318445,12.0,"[""tech"", ""news"", ""ai""]"
vid_0189,Claude is DEAD and here's WHY,Comedy,Small,Wednesday,14,1006,23897,1144,369,59,217860,547,0.0374,4.4,20480,7.0,"[""tech"", ""explained""]"
vid_0190,This is the BEST AI search tutorial you will EVER watch,Comedy,Large,Monday,18,985,1062059,65827,13305,4272,4832368,273,0.0356,2.3,3113491,,"[""shorts""]"
vid_0191,Understanding data science careers from scratch,Music,Small,Friday,20,952,66641,655,887,709,485368,437,0.044,5.7,37145,8.0,"[""trending"", ""tutorial""]"
vid_0192,WARNING: ChatGPT is NOT what you think,Vlog,Small,Wednesday,17,819,17740,1221,185,177,108805,368,0.0881,5.1,32345,6.0,"[""review"", ""explained"", ""ai""]"
vid_0193,Is Cursor AI worth it in 2024?,Vlog,Large,Saturday,22,14093,5708704,289008,119138,48004,737659701,7753,0.0715,0.3,1774118,16.0,"[""howto"", ""review""]"
vid_0194,Why Python for AI is more important than you think,Education,Small,Saturday,15,2363,10226,625,67,35,195657,1148,0.0554,0.3,39896,8.0,"[""llm""]"
vid_0195,Why voice cloning AI is more important than you think,News,Small,Monday,19,4016,9413,251,79,104,84873,541,0.0435,5.0,35772,6.0,"[""tutorial"", ""tech""]"
vid_0196,Is Gemini worth it in 2025?,News,Mid,Friday,13,1164,101490,3302,1224,314,641078,379,0.0442,0.4,227632,10.0,"[""trending"", ""llm"", ""tech"", ""explained""]"
vid_0197,What nobody tells you about voice cloning AI,Education,Large,Wednesday,14,1529,2050102,96742,35412,25904,22790300,667,0.0632,6.6,6858276,15.0,"[""ai"", ""python"", ""deeplearning""]"
vid_0198,LEAKED: the real story behind AI agents,Gaming,Small,Sunday,15,951,30677,1372,92,596,192753,377,0.0696,3.6,8724,5.0,"[""explained"", ""viral""]"
vid_0199,machine learning pipelines explained in 10 minutes,Gaming,Small,Wednesday,5,166,9248,455,38,87,12176,79,0.0323,4.5,39968,18.0,"[""tutorial"", ""ai"", ""viral""]"
vid_0200,LEAKED: the real story behind voice cloning AI,News,Mid,Friday,3,523,57877,3545,57,598,259481,269,0.0559,1.9,426156,9.0,"[""tutorial"", ""chatgpt"", ""review"", ""llm"", ""news""]"
vid_0201,The honest truth about local LLMs,Comedy,Large,Friday,19,354,4061202,75220,49531,24483,11777485,174,0.01,1.1,5550875,13.0,"[""tutorial"", ""trending"", ""ai"", ""viral"", ""review""]"
vid_0202,The future of RAG systems,Vlog,Mid,Thursday,19,238,351034,20924,1857,351,544102,93,0.0603,1.4,127029,19.0,"[""explained"", ""ai"", ""shorts""]"
vid_0203,LEAKED: the real story behind Sora,Comedy,Small,Saturday,19,616,23636,1066,229,132,48059,122,0.0741,0.4,36396,8.0,"[""explained"", ""comedy""]"
vid_0204,YOU WON'T BELIEVE what voice cloning AI just did,Vlog,Small,Saturday,0,5957,18155,761,289,65,658421,2176,0.048,1.5,6014,3.0,"[""explained"", ""howto""]"
vid_0205,STOP using Python for AI WRONG (most people do this),Education,Small,Friday,13,1737,6441,147,52,14,87597,816,0.1004,4.1,13428,14.0,"[""ai""]"
vid_0206,I built a machine learning pipelines project — here's what I learned,News,Small,Saturday,8,5776,4755,249,63,70,132347,1670,0.033,7.2,10005,0.0,"[""news"", ""chatgpt"", ""tech"", ""ai"", ""llm""]"
vid_0207,What nobody tells you about Gemini,Gaming,Mid,Sunday,20,2617,104852,921,1069,953,2266550,1297,0.0604,0.2,483919,9.0,"[""viral"", ""explained"", ""tech"", ""tutorial""]"
vid_0208,Why deep learning frameworks DESTROYED my workflow (and how I fixed it),Comedy,Small,Thursday,21,3656,3026,165,48,28,97538,1934,0.0541,6.9,11937,19.0,"[""tutorial"", ""shorts"", ""ai"", ""tech"", ""viral""]"
vid_0209,GPT-4 is DEAD and here's WHY,News,Mid,Friday,10,803,145045,3280,2154,981,843678,349,0.0525,10.7,553531,,"[""llm""]"
